{
  "hash": "9309fdbb",
  "browserHash": "5677b876",
  "optimized": {
    "react": {
      "src": "../../node_modules/react/index.js",
      "file": "react.js",
      "fileHash": "dc52ed62",
      "needsInterop": true
    },
    "react-dom/client": {
      "src": "../../node_modules/react-dom/client.js",
      "file": "react-dom_client.js",
      "fileHash": "3bef1484",
      "needsInterop": true
    },
    "react-router-dom": {
      "src": "../../node_modules/react-router-dom/dist/index.js",
      "file": "react-router-dom.js",
      "fileHash": "e2fdda0d",
      "needsInterop": false
    },
    "react-icons/fa": {
      "src": "../../node_modules/react-icons/fa/index.esm.js",
      "file": "react-icons_fa.js",
      "fileHash": "21982829",
      "needsInterop": false
    },
    "react-icons/lib": {
      "src": "../../node_modules/react-icons/lib/esm/index.js",
      "file": "react-icons_lib.js",
      "fileHash": "70d4df70",
      "needsInterop": false
    },
    "styled-components": {
      "src": "../../node_modules/styled-components/dist/styled-components.browser.esm.js",
      "file": "styled-components.js",
      "fileHash": "a8ca9825",
      "needsInterop": false
    },
    "react-intersection-observer": {
      "src": "../../node_modules/react-intersection-observer/index.mjs",
      "file": "react-intersection-observer.js",
      "fileHash": "dc2b1031",
      "needsInterop": false
    },
    "framer-motion": {
      "src": "../../node_modules/framer-motion/dist/es/index.mjs",
      "file": "framer-motion.js",
      "fileHash": "cd0c3ff2",
      "needsInterop": false
    }
  },
  "chunks": {
    "chunk-MQ356XNR": {
      "file": "chunk-MQ356XNR.js"
    },
    "chunk-2FATVHAI": {
      "file": "chunk-2FATVHAI.js"
    }
  }
}